model,threshold,coverage,n,accuracy,hate_recall,hate_precision
tfidf,0.0,1.0,4933,0.8909385769308737,0.13732394366197184,0.7222222222222222
tfidf,0.4,0.9987837016014596,4927,0.8918205804749341,0.13829787234042554,0.7647058823529411
tfidf,0.5,0.9612811676464627,4742,0.9065795023196963,0.11382113821138211,0.8
tfidf,0.6,0.8893168457328198,4387,0.9279689993161614,0.09090909090909091,0.782608695652174
tfidf,0.7,0.8147172106223394,4019,0.9497387409803434,0.05517241379310345,0.8
tfidf,0.8,0.7389012771133184,3645,0.9654320987654321,0.021052631578947368,0.6666666666666666
tfidf,0.9,0.5805797689033043,2864,0.9766061452513967,0.0,
tfidf_balanced,0.0,1.0,4933,0.8767484289479018,0.5809859154929577,0.40145985401459855
tfidf_balanced,0.4,0.9908777620109467,4888,0.8817512274959084,0.5869565217391305,0.4090909090909091
tfidf_balanced,0.5,0.9333063044800325,4604,0.9033449174630755,0.594017094017094,0.4371069182389937
tfidf_balanced,0.6,0.842286640989256,4155,0.9249097472924188,0.5833333333333334,0.4646017699115044
tfidf_balanced,0.7,0.7172106223393473,3538,0.9454494064443189,0.5845070422535211,0.538961038961039
tfidf_balanced,0.8,0.5067909993918508,2500,0.9568,0.6595744680851063,0.5904761904761905
tfidf_balanced,0.9,0.21406851814311778,1056,0.9725378787878788,0.8205128205128205,0.7272727272727273
laya,0.0,1.0,4933,0.680721670383134,0.6725352112676056,0.18799212598425197
laya,0.4,0.9691871072369754,4781,0.6818657184689395,0.6725978647686833,0.1899497487437186
laya,0.5,0.6669369551996757,3290,0.7,0.7601809954751131,0.2248995983935743
laya,0.6,0.3454287451854855,1704,0.6795774647887324,0.863013698630137,0.2625
laya,0.7,0.17311980539225624,854,0.702576112412178,0.9270833333333334,0.33840304182509506
laya,0.8,0.1056152442732617,521,0.8119001919385797,0.9661016949152542,0.4523809523809524
laya,0.9,0.03324548956010541,164,0.9512195121951219,1.0,0.5384615384615384
laya_semantic,0.0,1.0,4933,0.39489154672613014,0.6549295774647887,0.16159860990443092
laya_semantic,0.4,0.9014798297182242,4447,0.3892511805711716,0.6804511278195489,0.174373795761079
laya_semantic,0.5,0.5826069329008717,2874,0.37856645789839943,0.7403846153846154,0.22481751824817517
laya_semantic,0.6,0.35880802756943037,1770,0.43728813559322033,0.7753623188405797,0.30835734870317005
laya_semantic,0.7,0.2191364281370363,1081,0.5892691951896393,0.8313253012048193,0.3898305084745763
laya_semantic,0.8,0.12852219744577337,634,0.7870662460567823,0.9166666666666666,0.4714285714285714
laya_semantic,0.9,0.05189539833772552,256,0.94921875,1.0,0.5
laya_binary,0.0,1.0,4933,0.041354145550375025,0.7183098591549296,0.16050354051927615
laya_binary,0.4,1.0,4933,0.041354145550375025,0.7183098591549296,0.16050354051927615
laya_binary,0.5,1.0,4933,0.041354145550375025,0.7183098591549296,0.16050354051927615
laya_binary,0.6,0.8351915669977701,4120,0.04223300970873786,0.7565217391304347,0.1918412348401323
laya_binary,0.7,0.6606527468072168,3259,0.042651119975452595,0.7637362637362637,0.2332214765100671
laya_binary,0.8,0.4388810054733428,2165,0.04341801385681293,0.8034188034188035,0.31438127090301005
laya_binary,0.9,0.17494425299006688,863,0.03592120509849363,0.7380952380952381,0.484375
laya_noul,0.0,1.0,4933,0.05007095073991486,0.8697183098591549,0.0985634477254589
laya_noul,0.4,1.0,4933,0.05007095073991486,0.8697183098591549,0.0985634477254589
laya_noul,0.5,1.0,4933,0.05007095073991486,0.8697183098591549,0.0985634477254589
laya_noul,0.6,0.6821406851814312,3365,0.06686478454680535,0.9109311740890689,0.13157894736842105
laya_noul,0.7,0.3756334887492398,1853,0.09066378845116028,0.9130434782608695,0.21105527638190955
laya_noul,0.8,0.17575511858909384,867,0.06228373702422145,0.8181818181818182,0.32926829268292684
laya_noul,0.9,0.1121021690654774,553,0.023508137432188065,0.7647058823529411,0.6842105263157895
laya_finetuned,0.0,1.0,4933,0.9122237989053315,0.3380281690140845,0.518918918918919
laya_finetuned,0.4,0.9995945672004866,4931,0.9125937943621983,0.3392226148409894,0.518918918918919
laya_finetuned,0.5,0.9975674032029191,4921,0.9134322292217029,0.33687943262411346,0.5191256830601093
laya_finetuned,0.6,0.9933103588080275,4900,0.9163265306122449,0.34050179211469533,0.5428571428571428
laya_finetuned,0.7,0.989053314413136,4879,0.9188358270137323,0.336996336996337,0.5476190476190477
laya_finetuned,0.8,0.9858098520170282,4863,0.9195969566111454,0.3258426966292135,0.5403726708074534
laya_finetuned,0.9,0.9817555240218934,4843,0.9213297542845343,0.3166023166023166,0.5290322580645161
hatexplain,0.0,1.0,4933,0.6115953780660855,0.22535211267605634,0.3699421965317919
hatexplain,0.4,0.9951348064058382,4909,0.6129557954776941,0.22857142857142856,0.38095238095238093
hatexplain,0.5,0.8876951145347659,4379,0.6282256222881937,0.2388663967611336,0.39864864864864863
hatexplain,0.6,0.5165213865801743,2548,0.6703296703296703,0.3202614379084967,0.4224137931034483
hatexplain,0.7,0.21102777214676668,1041,0.6829971181556196,0.5138888888888888,0.43529411764705883
hatexplain,0.8,0.040745996351104805,201,0.7114427860696517,0.6296296296296297,0.4358974358974359
hatexplain,0.9,0.00020271639975674033,1,0.0,,0.0
